{
  "p": 0.005,
  "k": 0.001,
  "d": 0.0025,
  "errors": [
    -400.0,
    -400.0,
    -296.929882312718,
    -196.2467959278503,
    -122.3703271144181,
    -68.17302989651722,
    -67.90678381713519,
    11.038731548574901,
    -17.65688240656334,
    -17.092332240471876,
    -31.311374021550364,
    34.417814603832255,
    8.191814498640724,
    8.610007280043419,
    54.57069079257377,
    62.64614794362882,
    83.61334591177774,
    81.06381111356075,
    57.13040854848009,
    18.289436594004428,
    2.13949450658248,
    -1.2909156035598812,
    -31.366536968479068,
    -6.3561262241566965,
    34.01025869027296,
    -31.386919773182342,
    32.65253880017468,
    -19.607766439015165,
    7.570970774316891,
    -42.30716171800714,
    -68.65435022695692,
    -47.512526690553955,
    -95.62929027954311,
    -64.23917603056424,
    -94.69008475016898,
    -97.92789585339318,
    -48.48545733213996,
    -52.7253461488271,
    -47.86475120172838,
    -26.403489995876726,
    -49.87288568894451,
    -66.60102989459136,
    -93.70304410982612,
    -96.61692415343856,
    -92.0186699869106,
    -92.36732624328334,
    -94.7908186348177,
    -119.39706852191205,
    -96.62407975218957,
    -68.04918633336513,
    -65.23403885013846,
    -43.24540032226531,
    -42.28442417355973,
    -43.072862439777225,
    -44.98964645269825,
    -66.04703846020709,
    -95.99309225557397,
    -94.51813168668428,
    -135.6452616651481,
    -92.40165805752184,
    -96.16133866965424,
    -91.26217706124737,
    -68.3020450481904,
    -67.93843937829325,
    -68.42570004626879,
    -42.613835898820014,
    -41.83761409985095,
    -46.52829781776876,
    -39.892309456198575,
    -68.73312201513045,
    -93.29404115631934,
    -93.91684870983352,
    -96.01704112178987,
    -90.74256221198158,
    -121.64498340874809,
    -120.48800280260349,
    -91.38316937792922,
    -70.26968560875514,
    -30.400279683440488,
    -50.32025645382356,
    -47.72491070470812,
    -49.41959111547203,
    -68.92202158440523,
    -93.210785369333,
    -93.79297560665935,
    -72.7512924542383,
    -95.20306474672401,
    -92.99948218210909,
    -121.17323243470491,
    -93.37446720595017,
    -42.35546940375178,
    -67.62425466389976,
    -46.15983586075669,
    -45.596110013356736,
    -50.72381068757562,
    -72.88223366089534,
    -69.62673972602738,
    -95.89657430299422,
    -115.65136744346347,
    -92.52175908587458,
    -95.57817871991296,
    -94.11130407997786,
    -67.02858022822983,
    -68.37309216876235,
    -68.7541215002642,
    -66.00434746712904,
    -44.855217389017696,
    -39.840452704198185,
    -72.81344711101463,
    -71.70152382597865,
    -95.87568824331464,
    -91.3154535875828,
    -68.63036115443009,
    -99.16192941286539,
    -91.96809487968977,
    -94.66316512931809,
    -46.84717295407535,
    -45.57657901642784,
    -45.45271635139943,
    -31.622401322587336,
    -50.09909368298395,
    -67.1134285729454,
    -50.79255930968634,
    -117.13064900930584,
    -95.95955750260015,
    -94.03091756795334,
    -94.20480418061976,
    -91.84791240283016,
    -71.2322970697893,
    -43.731003518990406,
    -51.79934307886663,
    -40.62534578643459,
    -53.49248348845873,
    -49.9586410219776,
    -69.86642574569146,
    -71.86078343333742,
    -96.20029602436574,
    -68.2862526648787,
    -115.45007237991518,
    -91.8690038306309,
    -74.01415199540429,
    -48.49746490676722,
    -65.57951179447804,
    -40.78019426978602,
    -71.83811512515769,
    -41.2153484862975,
    -42.71594380027983,
    -42.58829980363822,
    -94.54438604268256,
    -95.77498403487891,
    -117.10576367339542,
    -93.73950919076799,
    -98.02481687848245,
    -93.45728630441687,
    -49.70840379997912,
    -68.67273366146469,
    -69.26777851619784,
    -41.45252086004717,
    -71.91435062373313,
    -15.069421500794022,
    -73.46906944312815,
    -65.11872252930658,
    -119.96355268435832,
    -93.51571991358497,
    -75.05476329283499,
    -90.28974715300609,
    -95.74448559559528,
    -91.2350024805159,
    -44.58324767431145,
    -67.92999848541177,
    -42.15647160442796,
    -53.095305392236185,
    -44.54395991083106,
    -49.605822408372205,
    -74.2783131309721,
    -113.04560117335609,
    -115.67650930327994,
    -93.28603105824214,
    -120.44382131105647,
    -113.58038063002886,
    -45.4956419483795,
    -49.92291473880931,
    -69.44108334818185,
    -45.62121813239287,
    -66.61964186976314,
    -49.46019685593723,
    -73.9855088136693,
    -92.80815195758436,
    -67.32006536363832,
    -95.4171852553477,
    -93.15258399268419,
    -91.54598880895287,
    -93.82941927907774,
    -96.06253357383093,
    -68.8118563589021,
    -43.58715445738426,
    -46.468618127513764,
    -42.69042229524155,
    -49.36941809326498,
    -47.76108699720214,
    -94.3376836883188,
    -70.90929186935847,
    -93.56926448866795,
    -116.99259330378334,
    -96.35670826710316,
    -92.34034586957739,
    -93.9803078401116,
    -68.08345018328112,
    -70.68253360538006,
    -39.68190893908104,
    -43.11813442202754,
    -47.25946959605926,
    -66.22035845270227,
    -67.38888729757116,
    -71.57255983386108,
    -91.08881295145034,
    -94.15286673822754,
    -69.57625348446288,
    -91.68541164438597,
    -93.65684253981362,
    -71.6329275930616,
    -73.77824669615444,
    -94.19337945682065,
    -14.179590139019979,
    -17.91734856346193,
    -69.74872588647537,
    -26.648120788161123,
    -92.80326083495208,
    -113.3112741803485,
    -124.3800357395171,
    -90.95521460459986,
    -116.19768313905467,
    -93.6012432308575,
    -72.13290192773047,
    -92.13292962657124,
    -32.560832577157896,
    -68.12824608479809,
    -72.20197489585246,
    -69.18262873446542,
    -71.23936434035375,
    -93.20381630835772,
    -91.8145117363768,
    -94.48392516408956,
    -117.34312708598031,
    -96.15587017118384,
    -93.70790662232207,
    -91.5227394093879,
    -98.28926002376932,
    -70.40332367572296,
    -67.91997436773306,
    -41.79201663510452,
    -41.569562632696375,
    -71.14108478345241,
    -66.71532778433317,
    -93.35497385527424,
    -94.73977004323837,
    -117.513296347103,
    -93.47815800821587,
    -117.71982847596854,
    -120.31119299327634,
    -93.32085452695833,
    -91.25970684247585,
    -43.42906868374848,
    -45.3699767355148,
    -68.05972980985058,
    -66.40947174940624,
    -42.08819279918163,
    -68.67798569666041,
    -93.39152185486245,
    -121.37748825680893,
    -117.79414769841208,
    -92.23483171159677,
    -94.31485324207358,
    -96.30652363825254,
    -92.97924318131186,
    -121.19081459995164,
    -46.26687659133671,
    -41.90314012159581,
    -54.7897942386831,
    -41.79451054655499,
    -65.14822961473669,
    -93.67143401498794,
    -70.77330897139052,
    -93.99694850200632,
    -117.04918980463054,
    -93.86377251141863,
    -122.83803941849106,
    -117.43796095849012,
    -94.9934647548888,
    -72.76461329715062,
    -47.71285028917828,
    -70.78108738852973,
    -44.29680923071248,
    -68.70091763283699,
    -52.5048691971723,
    -94.47908725980005,
    -113.20112881168336,
    -117.41208769913703,
    -115.59086810860066,
    -121.65593536879658,
    -92.07519610581335,
    -95.29692987997475,
    -91.30910370868133,
    -123.98860953748357,
    -90.58988080101352,
    -44.57202348526113,
    -46.93199380559918,
    -29.125680079422693,
    -95.16694737174731,
    -70.43710328712274,
    -122.30493940559649,
    -121.04349545087706
  ]
}