{
  "p": 0.005,
  "k": 0.001,
  "d": 0.0025,
  "errors": [
    -400.0,
    -400.0,
    -400.0,
    -170.79035346855372,
    -145.1409519733488,
    -94.63865724437551,
    -68.44410886037133,
    8.765832717604042,
    -14.589607753833377,
    -17.380885899225802,
    -35.07371988863332,
    34.75836837898163,
    -17.42033836465015,
    33.851811758107715,
    29.428056256006187,
    63.21739046926558,
    81.95282565548939,
    57.9840263326555,
    80.97292145563705,
    40.03955699089528,
    4.71441209708928,
    -27.551459159433307,
    -18.10793007347354,
    -6.291864831038765,
    7.416054818240411,
    19.118698450808893,
    -6.031927796949333,
    8.834043725399852,
    7.29672078804532,
    -17.235144743524643,
    -68.01755188479461,
    -71.92773968875832,
    -66.26565862200192,
    -94.94248393472242,
    -74.18590544639056,
    -95.32579982945396,
    -71.58821286562448,
    -52.277062058307365,
    -45.69198992743992,
    -29.613173341644597,
    -44.58044169350933,
    -67.89570294480131,
    -67.87776091694678,
    -96.45941553588989,
    -93.5254566826572,
    -91.18311044952907,
    -93.66170651932299,
    -120.31340449645501,
    -93.36228415222388,
    -94.44763714683899,
    -42.73295611160046,
    -42.5655979886198,
    -42.417965866548,
    -45.50401646272002,
    -65.1160398091256,
    -44.3614386003718,
    -95.31858285497714,
    -96.80762467490632,
    -117.10350115301048,
    -90.18140009153029,
    -122.02778991486576,
    -91.56712158582258,
    -93.02809138929553,
    -68.90104338275677,
    -67.86984470009963,
    -42.45488532905517,
    -41.64944969805032,
    -42.70743703703698,
    -46.8166967400457,
    -68.17829778564499,
    -68.42833000200943,
    -91.06938121962742,
    -93.98238802182465,
    -94.05760225804153,
    -121.57267885161338,
    -91.98179394461874,
    -120.36204871981363,
    -67.72728823887877,
    -52.51660374385119,
    -47.4956215115057,
    -50.30361952404252,
    -71.64633963702704,
    -52.31230948744633,
    -69.56336831721154,
    -93.4343241470263,
    -93.7825615352524,
    -67.613683504682,
    -96.20132108300464,
    -113.74317031193652,
    -68.52298063097356,
    -119.55280206987135,
    -16.577933227345,
    -68.22043487807917,
    -51.7734193350434,
    -50.77596729271164,
    -50.177602810357484,
    -68.25729605616448,
    -94.36466072851039,
    -93.88250738907323,
    -115.37063732532624,
    -91.07927404311874,
    -102.60041001926783,
    -88.74157062029707,
    -65.80408785422304,
    -68.07290821363449,
    -45.11278372512231,
    -65.39481268626656,
    -45.679789910565034,
    -50.00864556973505,
    -68.23096747909415,
    -94.57408947717158,
    -91.74241193803647,
    -97.0813370386071,
    -68.06254129046465,
    -94.08428229399544,
    -96.94471266689101,
    -89.38155607533594,
    -32.02658786520283,
    -25.494888377361235,
    -69.39071465667013,
    -28.437493995994316,
    -48.17778385610768,
    -72.7962032681325,
    -90.01251182049373,
    -96.02422504588674,
    -91.29675597404781,
    -119.8637511516601,
    -71.94559007562981,
    -93.90332123058232,
    -52.35459697108928,
    -47.63564407065985,
    -42.9114876155424,
    -50.27984973513321,
    -28.331392465880697,
    -74.37726321474383,
    -70.8329341113045,
    -91.86478577604987,
    -95.18139534883721,
    -92.42267375392277,
    -96.0074620281087,
    -93.03053339167099,
    -99.03432135563287,
    -2.667471342108456,
    -66.51325972727471,
    -67.28034744496892,
    -47.0326872817746,
    -43.01625630737425,
    -42.40660449796388,
    -68.94824059848696,
    -91.64951175464677,
    -121.17543032663048,
    -91.09411209042804,
    -93.94355329949241,
    -97.01609897813819,
    -72.35783910825518,
    -71.22333326517116,
    -68.25992868404074,
    -50.37490950769467,
    -50.05387547073133,
    -41.71789598786063,
    -72.7623932319758,
    -66.11372129305715,
    -93.04762632047857,
    -95.71740882387735,
    -66.15905041034779,
    -121.51130006665932,
    -98.5037792900842,
    -64.97540511068047,
    -74.203510952307,
    -69.54752166615287,
    -46.19390130129716,
    -44.58324767431145,
    -51.90770965544925,
    -47.18137323476833,
    -74.19690911055875,
    -93.31319404232318,
    -94.65073908777265,
    -112.58788516320953,
    -120.77484244955093,
    -95.75099701172445,
    -91.51428421329126,
    -77.87669435582893,
    -41.28003049170189,
    -49.53183110360294,
    -76.00423280423286,
    -45.81150564726721,
    -69.107737478648,
    -74.58427175044051,
    -66.46270442208623,
    -93.85128131892549,
    -95.43641730729769,
    -91.18063896536273,
    -119.50165154687136,
    -69.05831512503039,
    -94.47666825019797,
    -44.653382797905635,
    -70.9521196235396,
    -22.202672269217317,
    -46.1643551230963,
    -27.510853695653168,
    -96.86240671202103,
    -95.45839382152315,
    -65.79482560314841,
    -120.88500869309047,
    -91.79728119359117,
    -94.86804890006488,
    -96.30891375863752,
    -91.28193738849376,
    -42.167848872638615,
    -70.19668433897169,
    -40.989314470574755,
    -42.70176563649153,
    -70.93657858209292,
    -39.635760903788366,
    -96.83654933545233,
    -95.138047308294,
    -70.7767660910518,
    -91.51146571159046,
    -69.67808059337466,
    -91.6833001175678,
    -72.64912995086462,
    -92.35541341497304,
    -69.00066617047003,
    -70.48784630260229,
    -14.577289108008983,
    -20.985706764731276,
    -47.9514929236945,
    -70.26172044876705,
    -92.87416687227898,
    -117.86029179180872,
    -122.32070233706429,
    -107.61451556121324,
    -93.07273900751767,
    -92.0801104399244,
    -55.9593723252496,
    -78.74509803921569,
    -65.71375900090788,
    -89.10285685953698,
    -53.94524479136771,
    -47.2974685916156,
    -95.44603242253476,
    -92.94992679355784,
    -94.97176554286392,
    -90.51933432249268,
    -119.67948604154776,
    -97.71255601165672,
    -96.30174328461584,
    -94.2466875321897,
    -87.36249412603502,
    -68.59130581849513,
    -44.14497835463612,
    -65.7372812734053,
    -46.94687652762201,
    -67.32536036968071,
    -68.91415507031735,
    -118.81264173191835,
    -74.0361817874641,
    -115.52752727685157,
    -114.49781541683745,
    -118.80593572458235,
    -116.57289977309506,
    -65.92961195954177,
    -67.51057945193861,
    -43.24257317727108,
    -69.06617479027972,
    -44.61972139334898,
    -65.45640172007217,
    -70.92103607255979,
    -91.12131147540987,
    -93.70790662232207,
    -121.82229911814358,
    -116.75690865510376,
    -70.46187060189936,
    -92.72288437342866,
    -119.84156337206383,
    -70.34232961117073,
    -90.21941900338317,
    -43.072862439777225,
    -44.23496784968239,
    -80.38633667958788,
    -36.58746906822057,
    -68.52823741482581,
    -67.84345458494238,
    -96.19175360002521,
    -91.39057399009897,
    -125.99414577717181,
    -87.4080813972327,
    -122.81632030425561,
    -116.34806391771315,
    -96.42120699557074,
    -50.78307835018887,
    -105.52232884388536,
    -12.739004439406813,
    -49.994360013968446,
    -68.7278717278179,
    -71.52111793628524,
    -113.61177617772057,
    -121.12267135509882,
    -113.81372036238338,
    -118.1247311827957,
    -69.68591084842552,
    -120.60501624513569,
    -91.35848477092401,
    -122.76852626903883,
    -99.95672054587396,
    -59.56955155108221,
    -41.76351232347662,
    -29.075350065930706,
    -71.96790032779751,
    -68.46514500224714,
    -115.90258612878091,
    -121.62307690289748
  ]
}